[
    {
        "Name": "Andorian",
        "Female": ["Athytti", "Vryvih", "Zyle", "Vyssia", "Thriras", "Shreri", "Vrossaan", "Itamaan", "Ishrelia", "Vreraat", "Talas", "Tarah", "Jhamel", "Talla"],
        "Male": ["Ishrath", "Thoss", "Shon", "Oshrev", "Atheth", "Tyvaass", "Thasiv", "Tyssab", "Tylihr", "Thy’lek", "Shras", "Thelev", "Keval", "Gareb"],
        "Family": ["Tharhat", "Qiaqir", "Chiaqis", "Thenehr", "Zynes", "Shraviq", "Thilrerh", "Azonan", "Azollarh", "Shran"],
        "AttributeBonus": {
            "Daring": 1,
            "Control": 1,
            "Presence": 1
        },
        "Talents": ["PROUD AND HONORABLE", "THE USHAAN"],
        "Source": "core"
    },
    {
        "Name": "Bajoran",
        "Female": ["Adami", "Chami", "Fala", "Jaxa", "Laren", "Lipras", "Leeta", "Lupaza", "Meru", "Neela", "Nerys", "Seriah", "Sul", "Yesa"],
        "Male": ["Anaphis", "Edon", "Essa", "Furel", "Gel", "Holem", "Hovath", "Kag", "Los", "Mabrin", "Nalas", "Reon", "Taban", "Tennan"],
        "Family": ["Anbara", "Anjohl", "Faren", "Jaro", "Kalem", "Krim", "Kubus", "Latara", "Latha", "Lenaris", "Li", "Tahna", "Reil"],
        "AttributeBonus": {
            "Control": 1,
            "Daring": 1,
            "Insight": 1
        },
        "Talents": ["ORB EXPERIENCE", "STRONG PAGH"],
        "Source": "core"
    },
    {
        "Name": "Betazoid",
        "Female": ["Deanna", "Ania", "Kestra", "Lwaxanna", "Dalera", "Gloranna", "Abeana", "Pekera", "Nissila", "Lomestra", "Ioza", "Pegira", "Nemenna", "Nerira", "Lojeea"],
        "Male": ["Konal", "Reban", "Xani", "Enon", "Dael", "Etas", "Andal", "Kolel", "Atani", "Devoni", "Algar", "Jensar", "Nikael", "Kalos", "Rennan"],
        "Family": ["Grax", "Hagen", "Morganth", "Stadi", "Dutrax", "Odutan", "Nelan", "Onovren", "Kader", "Nostrun", "Dulas", "Konin", "Ebesi"],
        "AttributeBonus": {
            "Insight": 1,
            "Presence": 1,
            "Reason": 1
        },
        "Talents": ["EMPATH", "TELEPATH"],
        "Source": "core"
    },
    {
        "Name": "Denobulan",
        "Female": ["Anari", "Andora", "Asha", "Daphina", "Feezal", "Forliza", "Kessil", "Liera", "Lusis", "Miral", "Natala", "Ninsen", "Henna", "Sabra", "Secka", "Symmé", "Trevis", "Vesena"],
        "Male": ["Biras", "Bogga", "Delix", "Grolik", "Groznik", "Nettus", "Moga", "Morox", "Phlox", "Rinix", "Takis", "Tropp", "Tuglian", "Vinku", "Yolen", "Zepht", "Zinet"],
        "Family": [""],
        "AttributeBonus": {
            "Fitness": 1,
            "Insight": 1,
            "Reason": 1
        },
        "Talents": ["CULTURAL FLEXIBILITY", "PARENT FIGURE"],
        "Source": "core"
    },
    {
        "Name": "Human",
        "Female": ["Olivia", "Emma", "Ava", "Sophia", "Isabella", "Charlotte", "Amelia", "Mia", "Harper", "Evelyn", "Abigail", "Emily", "Ella", "Camila", "Luna", "Sofia", "Avery", "Mila"],
        "Male": ["Liam", "Noah", "Oliver", "William", "Elijah", "James", "Benjamin", "Lucas", "Mason", "Ethan", "Alexander", "Henry", "Jacob", "Michael", "Daniel", "Logan", "Jackson"],
        "Family": ["Nguyen", "Smith", "Johnson", "Williams", "Brown", "Garcia", "Rodriguez", "Lopez", "Lee", "Jones", "Miller", "Sato", "Suzuki", "Tran", "Pak"],
        "AttributeBonus": {
            "Fitness": 1,
            "Insight": 1,
            "Reason": 1
        },
        "Talents": ["RESOLUTE", "SPIRIT OF DISCOVERY"],
        "Source": "core"
    },
    {
        "Name": "Tellarite",
        "Female": ["Pagonn glasch", "Rahrunn", "Frothann", "Nenke", "Zhulish", "Cilla", "Ghaargo", "Jaro glov", "Skav", "Bloshi blasch", "Hosorg", "Befonn", "Gluraall", "Tlonkon", "Thaoto blasch", "Haave", "Wunsh", "Shurra"],
        "Male": ["Prillv", "Hirsh glov", "Gunch glov", "Thesh chim", "Zherg bav", "Dvolunn bav", "Laagagm jav", "Zallem", "Jurtak", "Shularc jav", "Cund blasch", "Xunn", "Chaanch bav", "Gullv bim", "Nullv blasch", "Caogrash", "Maalim glasch"],
        "Family": ["Zham", "Cran", "Frev", "Blom", "Call", "Fattuk", "Lotigh", "Vagarsh", "Thaattish", "Blaorsh", "Brell", "Frenn", "Fonsh", "Zhugm"],
        "AttributeBonus": {
            "Control": 1,
            "Fitness": 1,
            "Insight": 1
        },
        "Talents": ["INCISIVE SCRUTINY", "STURDY"],
        "Source": "core"
    },
    {
        "Name": "Trill",
        "Female": ["Bebe", "Lunhan", "Nuzrih", "Meenhi", "Vanhul", "Midru", "Lano", "Monhaun", "Hidrid", "Yillau", "Risoh", "Laudra", "Jeso", "Rallias", "Gilluh", "Hobe", "Lonad", "Nari", "Vima", "Menod "],
        "Male": ["Vudo ", "Tejur", "Grelem ", "Gaagor ", "Erjur ", "Emblug ", "", "", "", "", "", "", "", "", "", "", "", "", "", ""],
        "Family": ["Boraud", "Gries", "Grirrehl", "Tibex", "Niaohn", "Lam", "Bozax", "Tamar", "Rizad", "Lamun", "Runeg", "Viax", "Bisug", "Degruhl", "Berohl", "Nellaal", "Marias", "Pam", "Praain"],
        "AttributeBonus": {
            "Control": 1,
            "Presence": 1,
            "Reason": 1
        },
        "Talents": ["FORMER INITATE", "JOINED"],
        "Source": "core"
    },
    {
        "Name": "Vulcan",
        "Female": ["T'per", "Nang", "Les", "T'pith", "T'shith", "Avik", "T'shaannur", "Murin", "T'penes", "Nunung", "V'luk", "Meng", "T'mok", "T'rir", "Heth", "Unne", "Enan", "T'shinnaas", "V'linvas", "Imer"],
        "Male": ["Strurk", "Vo", "Liark", "Soss", "Straun", "T'Koviam", "Hypunn", "Skolleck", "Spafeck", "Salvork", "Pa", "Soth", "Hos", "Chur", "Hyk", "Sostrat", "Chovik", "Horrat", "Nelvuc", "Sevuc"],
        "Family": [""],
        "AttributeBonus": {
            "Control": 1,
            "Fitness": 1,
            "Reason": 1
        },
        "Talents": ["KOLINAHR", "MIND-MELD", "NERVE PINCH"],
        "Source": "core"
    }
]
